{"cameraMode":{"drawMode":0,"name":"Shaded","section":"Shading Mode"},"sceneLighting":true,"audioPlay":false,"sceneViewState":{"showFog":true,"showMaterialUpdate":false,"showSkybox":true,"showFlares":true,"showImageEffects":true,"showParticleSystems":true},"in2DMode":false,"pivot":{"x":55.852333068847659,"y":2.7565927505493166,"z":24.86835479736328},"rotation":{"x":0.3693690598011017,"y":0.0027795617934316398,"z":-0.001110417302697897,"w":0.9293366074562073},"size":5.070462703704834,"orthographic":false}